satellite_id,name,object_id,epoch,inclination_deg,raan_deg,eccentricity,arg_perigee_deg,mean_anomaly_deg,mean_motion_rev_per_day,bstar,altitude_km_est,source
44714,STARLINK-1008,2019-074B,2026-05-07T18:15:32.983488,53.1545,261.6131,.00013646,17.5989,342.5065,15.46542200,.28610766E-3,433.99,CelesTrak public Starlink GP data
44718,STARLINK-1012,2019-074F,2026-05-07T19:52:03.839808,53.1586,261.6136,.00008894,9.0315,351.0709,15.46720473,.30576329E-3,433.46,CelesTrak public Starlink GP data
44723,STARLINK-1017,2019-074L,2026-05-07T14:09:05.867136,53.0480,258.6185,.00031665,282.5254,77.5391,15.29223011,.13505759E-2,485.27,CelesTrak public Starlink GP data
44724,STARLINK-1019,2019-074M,2026-05-08T00:08:53.291904,53.0267,192.9886,.0011141,357.3528,2.7447,16.15271347,.64843E-3,239.56,CelesTrak public Starlink GP data
44725,STARLINK-1020,2019-074N,2026-05-07T19:34:53.430816,53.1600,286.7817,.00013021,15.8299,344.2751,15.50454990,.12925703E-2,422.53,CelesTrak public Starlink GP data
44741,STARLINK-1036,2019-074AE,2026-05-07T17:46:49.498752,53.0426,260.1076,.0002369,220.2159,139.8681,15.66247137,.36462877E-3,376.79,CelesTrak public Starlink GP data
44744,STARLINK-1039,2019-074AH,2026-05-07T18:14:38.978304,53.0609,302.5777,.00003266,276.5963,83.4998,15.26567544,.15390448E-2,493.22,CelesTrak public Starlink GP data
44747,STARLINK-1042,2019-074AL,2026-05-07T12:49:53.950080,53.0412,171.7918,.00026788,16.8059,343.3038,15.52759049,.25285366E-3,415.81,CelesTrak public Starlink GP data
44748,STARLINK-1043,2019-074AM,2026-05-07T13:39:37.992672,53.0511,269.5543,.00011854,261.7367,98.3510,15.57838963,.38680278E-3,401.05,CelesTrak public Starlink GP data
44751,STARLINK-1046,2019-074AQ,2026-05-07T10:55:57.962208,53.0502,290.0428,.00040541,335.3970,24.6844,15.51370293,.12694843E-2,419.86,CelesTrak public Starlink GP data
44752,STARLINK-1047,2019-074AR,2026-05-07T16:23:43.664064,53.0686,230.1283,.00033922,58.0139,302.1191,15.33877025,.23638123E-3,471.4,CelesTrak public Starlink GP data
44753,STARLINK-1048,2019-074AS,2026-05-07T16:44:52.194912,53.0451,241.9050,.00053482,313.3085,46.7483,15.64488844,.87728708E-3,381.85,CelesTrak public Starlink GP data
44768,STARLINK-1063,2019-074BH,2026-05-07T21:38:48.852384,53.1576,301.9468,.000061,83.3977,276.7101,15.46491069,.7298579E-3,434.14,CelesTrak public Starlink GP data
44771,STARLINK-1067,2019-074BL,2026-05-08T00:00:02.000160,53.0438,273.7735,.00049613,262.1748,6.5327,15.70475836,.50167099E-3,364.67,CelesTrak public Starlink GP data
44772,STARLINK-1068,2019-074BM,2026-05-07T20:17:10.442400,53.0437,248.3664,.00017259,75.9455,284.1754,15.71405235,.42914458E-3,362.02,CelesTrak public Starlink GP data
44927,STARLINK-1114,2020-001P,2026-05-07T22:00:00.296640,53.0433,42.7665,.00023926,39.5183,320.6003,15.60721504,.11168195E-2,392.71,CelesTrak public Starlink GP data
44930,STARLINK-1123,2020-001S,2026-05-07T22:28:36.266304,53.1460,67.6328,.00025025,139.3514,220.7684,15.53656185,.11970108E-2,413.2,CelesTrak public Starlink GP data
44941,STARLINK-1094,2020-001AD,2026-05-07T22:59:34.618848,53.1555,41.7780,.00019622,151.9628,208.1488,15.50365820,.12723662E-2,422.79,CelesTrak public Starlink GP data
44949,STARLINK-1122,2020-001AM,2026-05-07T18:29:12.359616,53.1564,43.2165,.00015173,149.9498,210.1599,15.50227956,.12266968E-2,423.2,CelesTrak public Starlink GP data
44961,STARLINK-1080,2020-001AZ,2026-05-07T21:54:38.923200,53.0476,3.0165,.00009641,234.7984,125.2937,15.57277084,.11848383E-2,402.68,CelesTrak public Starlink GP data
44968,STARLINK-1090,2020-001BG,2026-05-08T00:12:49.926816,53.1515,29.0328,.00015124,143.1069,217.0043,15.46873739,.13127611E-2,433.02,CelesTrak public Starlink GP data
45044,STARLINK-1132,2020-006A,2026-05-07T21:20:10.066560,53.1546,331.7374,.00018614,117.1798,242.9402,15.51518436,.12697744E-2,419.43,CelesTrak public Starlink GP data
45047,STARLINK-1131,2020-006D,2026-05-07T21:43:45.068736,53.1596,3.7783,.00013004,176.3181,183.7838,15.48583521,.12684272E-2,428.01,CelesTrak public Starlink GP data
45048,STARLINK-1134,2020-006E,2026-05-07T21:51:58.677120,53.0293,315.0480,.0003999,353.7787,6.3171,15.51751560,.14066633E-2,418.75,CelesTrak public Starlink GP data
45054,STARLINK-1156,2020-006L,2026-05-07T20:18:57.453120,53.1605,5.9865,.0001786,189.3341,170.7628,15.32547092,.12788296E-2,475.35,CelesTrak public Starlink GP data
45060,STARLINK-1166,2020-006S,2026-05-07T21:29:14.410752,53.0484,348.5595,.00013507,164.3609,195.7443,15.54764407,.12321566E-2,409.97,CelesTrak public Starlink GP data
45061,STARLINK-1169,2020-006T,2026-05-07T22:38:17.918880,53.1575,4.8084,.00038426,161.3047,198.8098,15.35424557,.120794E-2,466.8,CelesTrak public Starlink GP data
45062,STARLINK-1171,2020-006U,2026-05-07T22:58:46.176960,53.0436,317.6503,.00028494,165.5339,194.5760,15.70595584,.44247781E-3,364.33,CelesTrak public Starlink GP data
45064,STARLINK-1133,2020-006W,2026-05-07T21:11:51.980064,53.1585,342.6030,.0001457,212.6678,147.4234,15.32630015,.13892845E-2,475.11,CelesTrak public Starlink GP data
45071,STARLINK-1167,2020-006AD,2026-05-07T20:47:12.520896,53.1585,342.2456,.00029141,160.1079,200.0038,15.34765192,.12374568E-2,468.76,CelesTrak public Starlink GP data
45072,STARLINK-1168,2020-006AE,2026-05-07T20:45:26.854560,53.1597,342.9048,.00015293,210.8121,149.2791,15.32626253,.12974267E-2,475.12,CelesTrak public Starlink GP data
45074,STARLINK-1172,2020-006AG,2026-05-07T20:15:26.616384,53.1569,341.9137,.00031051,166.2843,193.8245,15.35744634,.13309586E-2,465.85,CelesTrak public Starlink GP data
45080,STARLINK-1153,2020-006AN,2026-05-07T20:24:13.717728,53.1602,342.2408,.00033857,178.6260,181.4752,15.34786329,.12905638E-2,468.69,CelesTrak public Starlink GP data
45081,STARLINK-1151,2020-006AP,2026-05-07T22:12:37.692864,53.0515,307.2113,.00030389,192.4701,167.6243,15.73464301,.46108801E-3,356.14,CelesTrak public Starlink GP data
45087,STARLINK-1185,2020-006AV,2026-05-07T19:59:04.041888,53.1609,324.2561,.00023716,244.4864,115.5897,15.42763007,.13841026E-2,445.1,CelesTrak public Starlink GP data
45088,STARLINK-1183,2020-006AW,2026-05-07T20:10:56.812512,53.1589,327.5932,.00013037,237.0529,123.0348,15.32528992,.13975153E-2,475.41,CelesTrak public Starlink GP data
45096,STARLINK-1152,2020-006BE,2026-05-07T10:43:54.462432,53.0359,287.8191,.00014292,10.4328,349.6707,15.45450460,.12194617E-2,437.19,CelesTrak public Starlink GP data
45098,STARLINK-1184,2020-006BG,2026-05-07T20:06:48.364992,53.0519,337.6978,.0002053,320.5493,39.5349,15.13047191,.12638732E-2,534.05,CelesTrak public Starlink GP data
45100,STARLINK-1193,2020-006BJ,2026-05-07T21:22:02.161056,53.0488,301.8282,.00041199,196.9843,163.1035,15.65062520,.40778669E-3,380.2,CelesTrak public Starlink GP data
45179,STARLINK-1143,2020-012B,2026-05-08T00:00:02.000160,53.0392,36.3987,.00010767,61.3486,287.1310,15.78996703,.38102346E-3,340.42,CelesTrak public Starlink GP data
45183,STARLINK-1202,2020-012F,2026-05-07T23:27:05.347008,53.1567,123.6716,.00032691,61.9279,298.2053,15.32258086,.13439223E-2,476.21,CelesTrak public Starlink GP data
45185,STARLINK-1216,2020-012H,2026-05-07T16:49:42.331296,53.1562,124.8775,.00031672,61.5981,298.5339,15.32579883,.12300172E-2,475.26,CelesTrak public Starlink GP data
